k,k_n,mod,mu,int_conn,valid,year,met,n_valid_solutions,n_solutions
8,0.08791208791208792,0.5176482789095401,0.08708708708708708,1,TRUE,2015,LV,1,1
89,0.978021978021978,-0.014343172000829662,0.996996996996997,1,FALSE,2015,LD,0,1
9,0.0989010989010989,0.5094554013472933,0.07357357357357357,1,TRUE,2015,LP,1,1
9,0.0989010989010989,0.5124133142151163,0.1006006006006006,1,TRUE,2015,IM,1,1
12,0.13186813186813187,0.48748748748748744,0.0960960960960961,1,TRUE,2015,WT,1,1
12,0.06936416184971098,0.7010819058836343,0.11623616236162361,1,TRUE,2016,LV,1,1
172,0.9942196531791907,-0.007654103293800468,0.9990774907749077,1,FALSE,2016,LD,0,1
17,0.09826589595375723,0.6840159107310628,0.1559040590405904,1,TRUE,2016,LP,4,4
16,0.09248554913294797,0.6943218025353683,0.1429889298892989,1,TRUE,2016,LP,4,4
15,0.08670520231213873,0.6945388134693155,0.1392988929889299,1,TRUE,2016,LP,4,4
16,0.09248554913294797,0.6818772892525973,0.1540590405904059,1,TRUE,2016,LP,4,4
19,0.10982658959537572,0.6683102762761944,0.1752767527675277,1,TRUE,2016,IM,1,1
27,0.15606936416184972,0.6470483108890127,0.19649446494464945,1,TRUE,2016,WT,1,1
17,0.07203389830508475,0.6493910171026692,0.2510948905109489,1,TRUE,2017,LV,1,1
232,0.9830508474576272,-0.0016140977143161601,0.9948905109489051,1,FALSE,2017,LD,0,1
23,0.09745762711864407,0.6202437529969634,0.3043795620437956,1,TRUE,2017,LP,12,12
22,0.09322033898305085,0.6239032447120252,0.3,1,TRUE,2017,LP,12,12
22,0.09322033898305085,0.6292397037668495,0.29124087591240877,1,TRUE,2017,LP,12,12
24,0.1016949152542373,0.6177518780968619,0.3102189781021898,1,TRUE,2017,LP,12,12
21,0.08898305084745763,0.6328991954819118,0.28686131386861313,1,TRUE,2017,LP,12,12
25,0.1059322033898305,0.6144064681123128,0.3175182481751825,1,TRUE,2017,LP,12,12
23,0.09745762711864407,0.6260653204752519,0.29708029197080293,1,TRUE,2017,LP,12,12
23,0.09745762711864407,0.6214113698119241,0.30583941605839415,1,TRUE,2017,LP,12,12
23,0.09745762711864407,0.6205578347274763,0.3072992700729927,1,TRUE,2017,LP,12,12
22,0.09322033898305085,0.6297248121903141,0.2927007299270073,1,TRUE,2017,LP,12,12
24,0.1016949152542373,0.6168983430124142,0.3116788321167883,1,TRUE,2017,LP,12,12
23,0.09745762711864407,0.6258942937823007,0.29854014598540146,1,TRUE,2017,LP,12,12
27,0.11440677966101695,0.617146091960147,0.31605839416058396,1,TRUE,2017,IM,8,8
26,0.11016949152542373,0.6192868559859341,0.31313868613138685,1,TRUE,2017,IM,8,8
26,0.11016949152542373,0.6210845010389473,0.3116788321167883,1,TRUE,2017,IM,8,8
26,0.11016949152542373,0.6196262454046565,0.3116788321167883,1,TRUE,2017,IM,8,8
25,0.1059322033898305,0.6217670094304437,0.30875912408759126,1,TRUE,2017,IM,8,8
25,0.1059322033898305,0.6232252650647344,0.30875912408759126,1,TRUE,2017,IM,8,8
25,0.1059322033898305,0.6218756992913846,0.3102189781021898,1,TRUE,2017,IM,8,8
26,0.11016949152542373,0.6197349352655974,0.31313868613138685,1,TRUE,2017,IM,8,8
55,0.2330508474576271,0.54420906814428,0.39854014598540144,1,TRUE,2017,WT,1,1
14,0.04946996466431095,0.5747197950018518,0.2359357060849598,1,TRUE,2018,LV,3,4
14,0.04946996466431095,0.5762165503841739,0.23421354764638347,1,TRUE,2018,LV,3,4
15,0.053003533568904596,0.5930502701541308,0.25774971297359356,1,TRUE,2018,LV,3,4
14,0.04946996466431095,0.5889416074269648,0.25602755453501724,2,FALSE,2018,LV,3,4
280,0.9893992932862191,-0.003160915373674772,0.9977037887485649,1,FALSE,2018,LD,0,1
23,0.0812720848056537,0.593636021517424,0.3076923076923077,1,TRUE,2018,LP,60,60
23,0.0812720848056537,0.593575716313777,0.3076923076923077,1,TRUE,2018,LP,60,60
23,0.0812720848056537,0.5934511514668996,0.3076923076923077,1,TRUE,2018,LP,60,60
22,0.07773851590106007,0.5967575572635806,0.30424799081515497,1,TRUE,2018,LP,60,60
23,0.0812720848056537,0.5935140929636021,0.3076923076923077,1,TRUE,2018,LP,60,60
23,0.0812720848056537,0.6009388828180918,0.30884041331802525,1,TRUE,2018,LP,60,60
23,0.0812720848056537,0.5934511514668993,0.3076923076923077,1,TRUE,2018,LP,60,60
22,0.07773851590106007,0.5967575572635804,0.30424799081515497,1,TRUE,2018,LP,60,60
22,0.07773851590106007,0.5966303561236473,0.30424799081515497,1,TRUE,2018,LP,60,60
23,0.0812720848056537,0.5935140929636021,0.3076923076923077,1,TRUE,2018,LP,60,60
23,0.0812720848056537,0.593575716313777,0.3076923076923077,1,TRUE,2018,LP,60,60
23,0.0812720848056537,0.593514092963602,0.3076923076923077,1,TRUE,2018,LP,60,60
22,0.07773851590106007,0.6042439704682453,0.30539609644087257,1,TRUE,2018,LP,60,60
23,0.0812720848056537,0.6008759413213893,0.30884041331802525,1,TRUE,2018,LP,60,60
23,0.0812720848056537,0.593514092963602,0.3076923076923077,1,TRUE,2018,LP,60,60
23,0.0812720848056537,0.601000506168267,0.30884041331802525,1,TRUE,2018,LP,60,60
22,0.07773851590106007,0.599954556898454,0.29793340987370837,1,TRUE,2018,LP,60,60
22,0.07773851590106007,0.5966946157668779,0.30424799081515497,1,TRUE,2018,LP,60,60
22,0.07773851590106007,0.5968191806137556,0.30424799081515497,1,TRUE,2018,LP,60,60
23,0.0812720848056537,0.600938882818092,0.30884041331802525,1,TRUE,2018,LP,60,60
22,0.07773851590106007,0.5967575572635806,0.30424799081515497,1,TRUE,2018,LP,60,60
23,0.0812720848056537,0.593386891823669,0.3076923076923077,1,TRUE,2018,LP,60,60
22,0.07773851590106007,0.6041194056213678,0.30539609644087257,1,TRUE,2018,LP,60,60
24,0.08480565371024736,0.5856843025884445,0.33237657864523534,1,TRUE,2018,LP,60,60
24,0.08480565371024736,0.5973024460845118,0.31228473019517794,1,TRUE,2018,LP,60,60
23,0.0812720848056537,0.5935757163137773,0.3076923076923077,1,TRUE,2018,LP,60,60
24,0.08480565371024736,0.585559737741567,0.33237657864523534,1,TRUE,2018,LP,60,60
24,0.08480565371024736,0.5972408227343371,0.31228473019517794,1,TRUE,2018,LP,60,60
24,0.08480565371024736,0.5856843025884443,0.33237657864523534,1,TRUE,2018,LP,60,60
23,0.0812720848056537,0.6010005061682671,0.30884041331802525,1,TRUE,2018,LP,60,60
24,0.08480565371024736,0.5975825522216702,0.3145809414466131,1,TRUE,2018,LP,60,60
24,0.08480565371024736,0.5856226792382695,0.33237657864523534,1,TRUE,2018,LP,60,60
24,0.08480565371024736,0.5856226792382695,0.33237657864523534,1,TRUE,2018,LP,60,60
23,0.0812720848056537,0.5935140929636022,0.3076923076923077,1,TRUE,2018,LP,60,60
23,0.0812720848056537,0.6010005061682671,0.30884041331802525,1,TRUE,2018,LP,60,60
22,0.07773851590106007,0.6041194056213677,0.30539609644087257,1,TRUE,2018,LP,60,60
24,0.08480565371024736,0.5856843025884443,0.33237657864523534,1,TRUE,2018,LP,60,60
24,0.08480565371024736,0.5856226792382695,0.33237657864523534,1,TRUE,2018,LP,60,60
23,0.0812720848056537,0.6061147499278315,0.3099885189437428,1,TRUE,2018,LP,60,60
22,0.07773851590106007,0.6041194056213679,0.30539609644087257,1,TRUE,2018,LP,60,60
25,0.08833922261484099,0.5835808702667007,0.33696900114810563,1,TRUE,2018,LP,60,60
23,0.0812720848056537,0.600938882818092,0.30884041331802525,1,TRUE,2018,LP,60,60
25,0.08833922261484099,0.5836424936168753,0.33696900114810563,1,TRUE,2018,LP,60,60
23,0.0812720848056537,0.5934511514668994,0.3076923076923077,1,TRUE,2018,LP,60,60
23,0.0812720848056537,0.5935757163137769,0.3076923076923077,1,TRUE,2018,LP,60,60
24,0.08480565371024736,0.5973024460845119,0.31228473019517794,1,TRUE,2018,LP,60,60
24,0.08480565371024736,0.5855597377415671,0.33237657864523534,1,TRUE,2018,LP,60,60
23,0.0812720848056537,0.5889277668884231,0.32893226176808266,1,TRUE,2018,LP,60,60
24,0.08480565371024736,0.5972408227343369,0.31228473019517794,1,TRUE,2018,LP,60,60
22,0.07773851590106007,0.6041823471180705,0.30539609644087257,1,TRUE,2018,LP,60,60
23,0.0812720848056537,0.5934511514668995,0.3076923076923077,1,TRUE,2018,LP,60,60
23,0.0812720848056537,0.600938882818092,0.30884041331802525,1,TRUE,2018,LP,60,60
22,0.07773851590106007,0.5968191806137554,0.30424799081515497,1,TRUE,2018,LP,60,60
23,0.0812720848056537,0.6093117495627048,0.3036739380022962,1,TRUE,2018,LP,60,60
24,0.08480565371024736,0.5855597377415671,0.33237657864523534,1,TRUE,2018,LP,60,60
23,0.0812720848056537,0.6008759413213892,0.30884041331802525,1,TRUE,2018,LP,60,60
21,0.07420494699646643,0.6031980211984325,0.2944890929965557,1,TRUE,2018,LP,60,60
22,0.07773851590106007,0.5968191806137554,0.30424799081515497,1,TRUE,2018,LP,60,60
24,0.08480565371024736,0.5856843025884443,0.33237657864523534,1,TRUE,2018,LP,60,60
22,0.07773851590106007,0.5967575572635806,0.30424799081515497,1,TRUE,2018,LP,60,60
26,0.09187279151943463,0.5939970288977262,0.33295063145809417,1,TRUE,2018,IM,4,4
27,0.09540636042402827,0.5908077733737039,0.33639494833524686,1,TRUE,2018,IM,4,4
25,0.08833922261484099,0.5940037843986814,0.3231917336394948,1,TRUE,2018,IM,4,4
26,0.09187279151943463,0.5908145288746588,0.3266360505166475,1,TRUE,2018,IM,4,4
60,0.21201413427561838,0.5364495525551607,0.4058553386911596,1,TRUE,2018,WT,1,1
12,0.03870967741935484,0.5692119232339731,0.27276439363005306,1,TRUE,2019,LV,1,1
307,0.9903225806451613,-0.0032274571116017894,0.9983666802776644,1,FALSE,2019,LD,0,1
23,0.07419354838709677,0.5594787815995096,0.36055532870559415,1,TRUE,2019,LP,31,33
22,0.07096774193548387,0.5804509169582972,0.33074724377296855,1,TRUE,2019,LP,31,33
21,0.06774193548387097,0.582425456445002,0.328705594120049,1,TRUE,2019,LP,31,33
22,0.07096774193548387,0.5605983125586382,0.35933033891384236,1,TRUE,2019,LP,31,33
22,0.07096774193548387,0.5649057848296344,0.3601469987750102,1,TRUE,2019,LP,31,33
23,0.07419354838709677,0.5629312453429299,0.36218864842792975,1,TRUE,2019,LP,31,33
22,0.07096774193548387,0.5614533210862144,0.35851367905267456,1,TRUE,2019,LP,31,33
21,0.06774193548387097,0.5815704479174256,0.3295222539812168,1,TRUE,2019,LP,31,33
21,0.06774193548387097,0.581360030452176,0.328705594120049,1,TRUE,2019,LP,31,33
22,0.07096774193548387,0.5603878950933884,0.35851367905267456,1,TRUE,2019,LP,31,33
20,0.06451612903225806,0.5835449874041305,0.3274806043282973,1,TRUE,2019,LP,31,33
21,0.06774193548387097,0.5858779201884223,0.3303389138423847,1,TRUE,2019,LP,31,33
20,0.06451612903225806,0.5833345699388807,0.32666394446712943,1,TRUE,2019,LP,31,33
22,0.07096774193548387,0.5638403588368083,0.3601469987750102,1,TRUE,2019,LP,31,33
21,0.06774193548387097,0.5850229116608457,0.3311555737035525,1,TRUE,2019,LP,31,33
22,0.07096774193548387,0.5640507763020581,0.360963658636178,1,TRUE,2019,LP,31,33
22,0.07096774193548387,0.5597395525310873,0.36218864842792975,2,FALSE,2019,LP,31,33
21,0.06774193548387097,0.5625728520453428,0.35728868926092283,1,TRUE,2019,LP,31,33
21,0.06774193548387097,0.5615074260525166,0.35728868926092283,1,TRUE,2019,LP,31,33
22,0.07096774193548387,0.5839033807017173,0.3323805634953042,1,TRUE,2019,LP,31,33
21,0.06774193548387097,0.562362434580093,0.356472029399755,1,TRUE,2019,LP,31,33
20,0.06451612903225806,0.5535113956396901,0.35728868926092283,2,FALSE,2019,LP,31,33
20,0.06451612903225806,0.5634819655392216,0.35524703960800325,1,TRUE,2019,LP,31,33
21,0.06774193548387097,0.564959889795937,0.3589220089832585,1,TRUE,2019,LP,31,33
20,0.06451612903225806,0.5869974511475506,0.3291139240506329,1,TRUE,2019,LP,31,33
21,0.06774193548387097,0.5660253157887631,0.3589220089832585,1,TRUE,2019,LP,31,33
20,0.06451612903225806,0.5842782805991931,0.32666394446712943,1,TRUE,2019,LP,31,33
21,0.06774193548387097,0.5621903657812517,0.3556553695385872,1,TRUE,2019,LP,31,33
21,0.06774193548387097,0.5788512773690682,0.32707227439771336,1,TRUE,2019,LP,31,33
21,0.06774193548387097,0.580362131458895,0.33074724377296855,1,TRUE,2019,LP,31,33
24,0.07741935483870968,0.556506343119524,0.36463862801143326,1,TRUE,2019,LP,31,33
20,0.06451612903225806,0.5785115582046889,0.31808901592486727,1,TRUE,2019,LP,31,33
20,0.06451612903225806,0.5824795614113045,0.3274806043282973,1,TRUE,2019,LP,31,33
23,0.07419354838709677,0.5532558768080772,0.3695385871784402,1,TRUE,2019,IM,2,2
24,0.07741935483870968,0.5513282727543898,0.3715802368313597,1,TRUE,2019,IM,2,2
40,0.12903225806451613,0.520644170894329,0.41649652919559005,1,TRUE,2019,WT,1,1
14,0.0440251572327044,0.6087758132438267,0.22698300283286119,1,TRUE,2020,LV,3,3
14,0.0440251572327044,0.6011418090787984,0.24291784702549576,1,TRUE,2020,LV,3,3
13,0.040880503144654086,0.6029400590045662,0.221671388101983,1,TRUE,2020,LV,3,3
310,0.9748427672955975,-7.786230328467453e-4,0.9957507082152974,1,FALSE,2020,LD,0,1
21,0.0660377358490566,0.5931259228867901,0.3236543909348442,1,TRUE,2020,LP,7,7
21,0.0660377358490566,0.5923646666773668,0.3247167138810198,1,TRUE,2020,LP,7,7
20,0.06289308176100629,0.5946797833623574,0.3204674220963173,1,TRUE,2020,LP,7,7
21,0.0660377358490566,0.5916696175637395,0.32577903682719545,1,TRUE,2020,LP,7,7
21,0.0660377358490566,0.6036126002134677,0.3101983002832861,1,TRUE,2020,LP,7,7
21,0.0660377358490566,0.5920052925551125,0.32542492917847027,1,TRUE,2020,LP,7,7
21,0.0660377358490566,0.6028513440040446,0.31126062322946174,1,TRUE,2020,LP,7,7
23,0.07232704402515723,0.585143140242679,0.33746458923512745,1,TRUE,2020,IM,3,3
23,0.07232704402515723,0.584381884033256,0.3385269121813031,1,TRUE,2020,IM,3,3
23,0.07232704402515723,0.5836868349196286,0.33958923512747874,1,TRUE,2020,IM,3,3
54,0.16981132075471697,0.5246348703745319,0.41005665722379603,1,TRUE,2020,WT,1,1
17,0.04509283819628647,0.623717217630854,0.23272727272727273,1,TRUE,2021,LV,7,8
16,0.042440318302387266,0.6240476124885216,0.2296969696969697,1,TRUE,2021,LV,7,8
17,0.04509283819628647,0.6031630394857668,0.22666666666666666,1,TRUE,2021,LV,7,8
16,0.042440318302387266,0.618790863177227,0.22818181818181818,1,TRUE,2021,LV,7,8
16,0.042440318302387266,0.6172826905417816,0.22606060606060607,1,TRUE,2021,LV,7,8
16,0.042440318302387266,0.6234175390266302,0.23272727272727273,2,FALSE,2021,LV,7,8
15,0.03978779840848806,0.6176130853994493,0.22303030303030302,1,TRUE,2021,LV,7,8
15,0.03978779840848806,0.6116292470156108,0.22151515151515153,1,TRUE,2021,LV,7,8
368,0.9761273209549072,-5.699724517906322e-4,0.9963636363636363,1,FALSE,2021,LD,0,1
27,0.07161803713527852,0.5984156106519745,0.33575757575757575,1,TRUE,2021,LP,16,16
28,0.07427055702917772,0.5941179522497704,0.3412121212121212,1,TRUE,2021,LP,16,16
27,0.07161803713527852,0.5942679522497707,0.34,1,TRUE,2021,LP,16,16
26,0.06896551724137931,0.6003950413223142,0.33151515151515154,1,TRUE,2021,LP,16,16
27,0.07161803713527852,0.600245041322314,0.3327272727272727,1,TRUE,2021,LP,16,16
26,0.06896551724137931,0.6045426997245179,0.32727272727272727,1,TRUE,2021,LP,16,16
26,0.06896551724137931,0.5985656106519744,0.33454545454545453,1,TRUE,2021,LP,16,16
25,0.06631299734748011,0.6046926997245181,0.32606060606060605,1,TRUE,2021,LP,16,16
27,0.07161803713527852,0.5959327364554639,0.33666666666666667,1,TRUE,2021,LP,16,16
26,0.06896551724137931,0.6006526170798899,0.3278787878787879,1,TRUE,2021,LP,16,16
27,0.07161803713527852,0.592564233241506,0.3384848484848485,1,TRUE,2021,LP,16,16
25,0.06631299734748011,0.60080261707989,0.32666666666666666,1,TRUE,2021,LP,16,16
26,0.06896551724137931,0.5986913223140496,0.33,1,TRUE,2021,LP,16,16
26,0.06896551724137931,0.5946262167125805,0.3384848484848485,1,TRUE,2021,LP,16,16
26,0.06896551724137931,0.5960827364554638,0.33545454545454545,1,TRUE,2021,LP,16,16
26,0.06896551724137931,0.6003826905417815,0.32272727272727275,1,TRUE,2021,LP,16,16
28,0.07427055702917772,0.5868053259871444,0.3521212121212121,1,TRUE,2021,IM,1,1
64,0.16976127320954906,0.507797061524334,0.44212121212121214,1,TRUE,2021,WT,1,1
14,0.035,0.5984464008924631,0.22410210745028197,1,TRUE,2022,LV,6,6
13,0.0325,0.5914491433205219,0.21964974769961412,1,TRUE,2022,LV,6,6
13,0.0325,0.5824543810435819,0.21875927574948056,1,TRUE,2022,LV,6,6
13,0.0325,0.5920320425410703,0.21015138023152272,1,TRUE,2022,LV,6,6
12,0.03,0.5850347849691295,0.20569902048085487,1,TRUE,2022,LV,6,6
12,0.03,0.5754571234716408,0.2143069159988127,1,TRUE,2022,LV,6,6
390,0.975,5.998152801532956e-4,0.9952508162659542,1,FALSE,2022,LD,0,1
30,0.075,0.5908857151894146,0.3478777085188483,1,TRUE,2022,LP,10,10
29,0.0725,0.5910583118600695,0.3466904125853369,1,TRUE,2022,LP,10,10
29,0.0725,0.5955861771476194,0.3398634609676462,1,TRUE,2022,LP,10,10
28,0.07,0.5957587738182745,0.3386761650341348,1,TRUE,2022,LP,10,10
29,0.0725,0.5913493209479586,0.3469872365687148,1,TRUE,2022,LP,10,10
29,0.0725,0.5939743497911617,0.3425348768180469,1,TRUE,2022,LP,10,10
29,0.0725,0.5895279370926986,0.3452062926684476,1,TRUE,2022,LP,10,10
28,0.07,0.5977750888291365,0.3345206292668448,1,TRUE,2022,LP,10,10
26,0.065,0.5949379484572951,0.3351142772336005,1,TRUE,2022,LP,10,10
27,0.0675,0.5962223795768186,0.3377856930840012,1,TRUE,2022,LP,10,10
31,0.0775,0.5922540217711451,0.3508459483526269,1,TRUE,2022,IM,2,2
30,0.075,0.594436722087026,0.3475808845354705,1,TRUE,2022,IM,2,2
95,0.2375,0.47651526705215924,0.4790739091718611,1,TRUE,2022,WT,1,1
16,0.025518341307814992,0.6453721980810322,0.24711538461538463,1,TRUE,2023,LV,10,16
17,0.02711323763955343,0.6453298225879357,0.24791666666666667,1,TRUE,2023,LV,10,16
15,0.023923444976076555,0.6404373022476988,0.24487179487179486,1,TRUE,2023,LV,10,16
15,0.023923444976076555,0.6465777038132806,0.24375,1,TRUE,2023,LV,10,16
15,0.023923444976076555,0.6486333518244576,0.24166666666666667,1,TRUE,2023,LV,10,16
15,0.023923444976076555,0.6443956355810322,0.24711538461538463,2,FALSE,2023,LV,10,16
16,0.025518341307814992,0.6449166615302433,0.24791666666666667,2,FALSE,2023,LV,10,16
16,0.025518341307814992,0.6452547023956279,0.24791666666666667,2,FALSE,2023,LV,10,16
16,0.025518341307814992,0.6404700469469098,0.2456730769230769,1,TRUE,2023,LV,10,16
16,0.025518341307814992,0.6443532600879355,0.24791666666666667,2,FALSE,2023,LV,10,16
15,0.023923444976076555,0.6455587658201841,0.24455128205128204,2,FALSE,2023,LV,10,16
15,0.023923444976076555,0.6437312006903354,0.24022435897435898,1,TRUE,2023,LV,10,16
16,0.025518341307814992,0.6465353283201841,0.24455128205128204,1,TRUE,2023,LV,10,16
14,0.022328548644338118,0.6498388575567062,0.23830128205128207,1,TRUE,2023,LV,10,16
14,0.022328548644338118,0.6416428079799474,0.24150641025641026,1,TRUE,2023,LV,10,16
15,0.023923444976076555,0.64495903702334,0.24711538461538463,2,FALSE,2023,LV,10,16
610,0.9728867623604466,0.0023397692718606137,0.9948717948717949,1,FALSE,2023,LD,0,1
37,0.05901116427432217,0.6298173616247532,0.31330128205128205,1,TRUE,2023,LP,85,85
37,0.05901116427432217,0.6298352363782049,0.31330128205128205,1,TRUE,2023,LP,85,85
37,0.05901116427432217,0.6299591269107495,0.31314102564102564,1,TRUE,2023,LP,85,85
36,0.05741626794258373,0.6294190319896448,0.3126602564102564,1,TRUE,2023,LP,85,85
37,0.05901116427432217,0.6298173616247532,0.31330128205128205,1,TRUE,2023,LP,85,85
36,0.05741626794258373,0.6294010545077251,0.3126602564102564,1,TRUE,2023,LP,85,85
37,0.05901116427432217,0.6297993841428338,0.31330128205128205,1,TRUE,2023,LP,85,85
36,0.05741626794258373,0.6295966495110124,0.3125,1,TRUE,2023,LP,85,85
37,0.05901116427432217,0.629977104392669,0.31314102564102564,1,TRUE,2023,LP,85,85
37,0.05901116427432217,0.6299410467003616,0.31314102564102564,1,TRUE,2023,LP,85,85
37,0.05901116427432217,0.6298352363782048,0.31330128205128205,1,TRUE,2023,LP,85,85
37,0.05901116427432217,0.6299591269107493,0.31314102564102564,1,TRUE,2023,LP,85,85
36,0.05741626794258373,0.630009065787311,0.31298076923076923,1,TRUE,2023,LP,85,85
38,0.06060606060606061,0.6282156963962852,0.316025641025641,1,TRUE,2023,LP,85,85
37,0.05901116427432217,0.6298173616247533,0.31330128205128205,1,TRUE,2023,LP,85,85
36,0.05741626794258373,0.6298623181706112,0.3128205128205128,1,TRUE,2023,LP,85,85
37,0.05901116427432217,0.6298530084031885,0.31330128205128205,1,TRUE,2023,LP,85,85
36,0.05741626794258373,0.6303209365754439,0.3125,1,TRUE,2023,LP,85,85
36,0.05741626794258373,0.6301611938075276,0.3126602564102564,1,TRUE,2023,LP,85,85
36,0.05741626794258373,0.6301791712894476,0.3126602564102564,1,TRUE,2023,LP,85,85
36,0.05741626794258373,0.6300681860207099,0.3125,1,TRUE,2023,LP,85,85
36,0.05741626794258373,0.6296647713264298,0.31298076923076923,1,TRUE,2023,LP,85,85
36,0.05741626794258373,0.6294369067430966,0.3126602564102564,1,TRUE,2023,LP,85,85
37,0.05901116427432217,0.6298173616247535,0.31330128205128205,1,TRUE,2023,LP,85,85
37,0.05901116427432217,0.6285954835428992,0.3153846153846154,1,TRUE,2023,LP,85,85
35,0.05582137161084529,0.6330199858234711,0.3092948717948718,1,TRUE,2023,LP,85,85
35,0.05582137161084529,0.6312552648339907,0.3104166666666667,1,TRUE,2023,LP,85,85
35,0.05582137161084529,0.6296821452785994,0.31137820512820513,1,TRUE,2023,LP,85,85
36,0.05741626794258373,0.6295787747575606,0.3125,1,TRUE,2023,LP,85,85
35,0.05582137161084529,0.6325794476290268,0.3096153846153846,1,TRUE,2023,LP,85,85
35,0.05582137161084529,0.6297447839620315,0.31201923076923077,1,TRUE,2023,LP,85,85
36,0.05741626794258373,0.6289235854289937,0.31298076923076923,1,TRUE,2023,LP,85,85
34,0.05422647527910686,0.6328762558555225,0.30833333333333335,1,TRUE,2023,LP,85,85
36,0.05741626794258373,0.6303389140573633,0.3125,1,TRUE,2023,LP,85,85
36,0.05741626794258373,0.6303209365754439,0.3125,1,TRUE,2023,LP,85,85
36,0.05741626794258373,0.6303567888108151,0.3125,1,TRUE,2023,LP,85,85
38,0.06060606060606061,0.6282515486316567,0.316025641025641,1,TRUE,2023,LP,85,85
35,0.05582137161084529,0.6304275173611109,0.3108974358974359,1,TRUE,2023,LP,85,85
35,0.05582137161084529,0.6314778517422748,0.3108974358974359,1,TRUE,2023,LP,85,85
35,0.05582137161084529,0.6313231940335305,0.3110576923076923,1,TRUE,2023,LP,85,85
35,0.05582137161084529,0.6306997349605523,0.3108974358974359,1,TRUE,2023,LP,85,85
36,0.05741626794258373,0.6289424361028927,0.31298076923076923,1,TRUE,2023,LP,85,85
35,0.05582137161084529,0.6330380660338589,0.3092948717948718,1,TRUE,2023,LP,85,85
37,0.05901116427432217,0.6299591269107494,0.31314102564102564,1,TRUE,2023,LP,85,85
36,0.05741626794258373,0.6295427170652532,0.3125,1,TRUE,2023,LP,85,85
35,0.05582137161084529,0.6313053192800786,0.3110576923076923,1,TRUE,2023,LP,85,85
37,0.05901116427432217,0.6286133582963508,0.3153846153846154,1,TRUE,2023,LP,85,85
36,0.05741626794258373,0.6309255321334646,0.31169871794871795,1,TRUE,2023,LP,85,85
37,0.05901116427432217,0.6299949791461207,0.31314102564102564,1,TRUE,2023,LP,85,85
35,0.05582137161084529,0.6299226069403354,0.31185897435897436,1,TRUE,2023,LP,85,85
37,0.05901116427432217,0.629565997904339,0.31330128205128205,1,TRUE,2023,LP,85,85
37,0.05901116427432217,0.6298173616247531,0.31330128205128205,1,TRUE,2023,LP,85,85
37,0.05901116427432217,0.629500508505917,0.31346153846153846,1,TRUE,2023,LP,85,85
36,0.05741626794258373,0.6301970460428994,0.3126602564102564,1,TRUE,2023,LP,85,85
36,0.05741626794258373,0.6311160420775805,0.31153846153846154,1,TRUE,2023,LP,85,85
36,0.05741626794258373,0.6303389140573635,0.3125,1,TRUE,2023,LP,85,85
38,0.06060606060606061,0.6281976161858973,0.316025641025641,1,TRUE,2023,LP,85,85
35,0.05582137161084529,0.629940584422255,0.31185897435897436,1,TRUE,2023,LP,85,85
36,0.05741626794258373,0.628923585428994,0.31298076923076923,1,TRUE,2023,LP,85,85
36,0.05741626794258373,0.6295787747575606,0.3125,1,TRUE,2023,LP,85,85
37,0.05901116427432217,0.6299591269107494,0.31314102564102564,1,TRUE,2023,LP,85,85
36,0.05741626794258373,0.6282213849852069,0.3145833333333333,1,TRUE,2023,LP,85,85
37,0.05901116427432217,0.6299949791461209,0.31314102564102564,1,TRUE,2023,LP,85,85
35,0.05582137161084529,0.6303005192924062,0.31153846153846154,1,TRUE,2023,LP,85,85
36,0.05741626794258373,0.6303567888108149,0.3125,1,TRUE,2023,LP,85,85
35,0.05582137161084529,0.6312373900805387,0.3104166666666667,1,TRUE,2023,LP,85,85
35,0.05582137161084529,0.6305630547337276,0.3110576923076923,1,TRUE,2023,LP,85,85
35,0.05582137161084529,0.6305451799802759,0.3110576923076923,1,TRUE,2023,LP,85,85
36,0.05741626794258373,0.6301431135971399,0.3126602564102564,1,TRUE,2023,LP,85,85
37,0.05901116427432217,0.6299771043926691,0.31314102564102564,1,TRUE,2023,LP,85,85
35,0.05582137161084529,0.6314778517422744,0.3108974358974359,1,TRUE,2023,LP,85,85
36,0.05741626794258373,0.6294190319896451,0.3126602564102564,1,TRUE,2023,LP,85,85
36,0.05741626794258373,0.6294190319896449,0.3126602564102564,1,TRUE,2023,LP,85,85
36,0.05741626794258373,0.6304669137286325,0.31201923076923077,1,TRUE,2023,LP,85,85
37,0.05901116427432217,0.6300127511711046,0.31314102564102564,1,TRUE,2023,LP,85,85
36,0.05741626794258373,0.6310980645956604,0.31153846153846154,1,TRUE,2023,LP,85,85
35,0.05582137161084529,0.6313231940335303,0.3110576923076923,1,TRUE,2023,LP,85,85
38,0.06060606060606061,0.6282515486316568,0.316025641025641,1,TRUE,2023,LP,85,85
36,0.05741626794258373,0.6295966495110122,0.3125,1,TRUE,2023,LP,85,85
38,0.06060606060606061,0.6277570779914526,0.31634615384615383,1,TRUE,2023,LP,85,85
36,0.05741626794258373,0.6302277233316895,0.3128205128205128,1,TRUE,2023,LP,85,85
36,0.05741626794258373,0.629635724852071,0.31314102564102564,1,TRUE,2023,LP,85,85
36,0.05741626794258373,0.6298694064349111,0.3126602564102564,1,TRUE,2023,LP,85,85
35,0.05582137161084529,0.630699734960552,0.3108974358974359,1,TRUE,2023,LP,85,85
35,0.05582137161084529,0.6297808416543393,0.31201923076923077,1,TRUE,2023,LP,85,85
41,0.06539074960127592,0.6236917529585796,0.3267628205128205,1,TRUE,2023,IM,4,4
40,0.06379585326953748,0.6232663415310649,0.3264423076923077,1,TRUE,2023,IM,4,4
39,0.06220095693779904,0.6244239629561145,0.3251602564102564,1,TRUE,2023,IM,4,4
40,0.06379585326953748,0.624849374383629,0.32548076923076924,1,TRUE,2023,IM,4,4
132,0.21052631578947367,0.5556567944608827,0.402724358974359,1,TRUE,2023,WT,1,1
14,0.018300653594771243,0.6236175002742969,0.22630464565948438,1,TRUE,2024,LV,39,69
15,0.0196078431372549,0.6347858517172174,0.23539668700959024,2,FALSE,2024,LV,39,69
15,0.0196078431372549,0.6376183957391596,0.23203387719516752,1,TRUE,2024,LV,39,69
15,0.0196078431372549,0.6281226769798439,0.2437414372898244,2,FALSE,2024,LV,39,69
16,0.02091503267973856,0.6343385846557816,0.23651762361439782,1,TRUE,2024,LV,39,69
14,0.018300653594771243,0.6350383149164984,0.2330302652883298,2,FALSE,2024,LV,39,69
14,0.018300653594771243,0.622792135638712,0.22742558226429194,1,TRUE,2024,LV,39,69
13,0.01699346405228758,0.6233754303372903,0.22356457840328808,1,TRUE,2024,LV,39,69
16,0.02091503267973856,0.6353135812434564,0.23539668700959024,1,TRUE,2024,LV,39,69
16,0.02091503267973856,0.6286504065060826,0.2437414372898244,1,TRUE,2024,LV,39,69
16,0.02091503267973856,0.6279940021879522,0.24486237389463195,1,TRUE,2024,LV,39,69
14,0.018300653594771243,0.6293501367667997,0.2402540789637564,2,FALSE,2024,LV,39,69
15,0.0196078431372549,0.6396027952663375,0.24249595217337153,1,TRUE,2024,LV,39,69
13,0.01699346405228758,0.630312777782233,0.2277992277992278,1,TRUE,2024,LV,39,69
14,0.018300653594771243,0.6269740508628572,0.2437414372898244,2,FALSE,2024,LV,39,69
16,0.02091503267973856,0.6360508048100202,0.24585876198779424,1,TRUE,2024,LV,39,69
13,0.01699346405228758,0.6347845176566865,0.23029019803213352,2,FALSE,2024,LV,39,69
14,0.018300653594771243,0.6357339499216325,0.24299414621995266,2,FALSE,2024,LV,39,69
15,0.0196078431372549,0.6366433991514847,0.2331548137999751,1,TRUE,2024,LV,39,69
13,0.01699346405228758,0.6357712415671668,0.22916926142732594,2,FALSE,2024,LV,39,69
14,0.018300653594771243,0.6402004543841191,0.24000498194046582,1,TRUE,2024,LV,39,69
14,0.018300653594771243,0.6298709710615744,0.23340391082326567,2,FALSE,2024,LV,39,69
13,0.01699346405228758,0.6413072747670316,0.2366421721260431,1,TRUE,2024,LV,39,69
13,0.01699346405228758,0.6366123124386515,0.22929380993897122,2,FALSE,2024,LV,39,69
15,0.0196078431372549,0.6338108551295427,0.23651762361439782,2,FALSE,2024,LV,39,69
15,0.0196078431372549,0.6348352274691873,0.23265661975339394,1,TRUE,2024,LV,39,69
14,0.018300653594771243,0.6360133115041734,0.23190932868352224,2,FALSE,2024,LV,39,69
13,0.01699346405228758,0.6240195954256678,0.22393822393822393,1,TRUE,2024,LV,39,69
16,0.02091503267973856,0.6371243977783176,0.24473782538298666,1,TRUE,2024,LV,39,69
14,0.018300653594771243,0.636389601891673,0.2304147465437788,1,TRUE,2024,LV,39,69
12,0.01568627450980392,0.6320058634752549,0.22094905965873707,2,FALSE,2024,LV,39,69
13,0.01699346405228758,0.6261371295401161,0.23601942956781666,1,TRUE,2024,LV,39,69
15,0.0196078431372549,0.6355230752837814,0.24585876198779424,2,FALSE,2024,LV,39,69
15,0.0196078431372549,0.630565884743282,0.2542035122680284,2,FALSE,2024,LV,39,69
13,0.01699346405228758,0.6265032826188156,0.23203387719516752,1,TRUE,2024,LV,39,69
15,0.0196078431372549,0.6365966682520785,0.24473782538298666,2,FALSE,2024,LV,39,69
14,0.018300653594771243,0.6328881428560416,0.22319093286835223,1,TRUE,2024,LV,39,69
15,0.0196078431372549,0.6424583828570987,0.2505916054303151,1,TRUE,2024,LV,39,69
15,0.0196078431372549,0.6284710219016907,0.24249595217337153,1,TRUE,2024,LV,39,69
13,0.01699346405228758,0.6295936881314885,0.22742558226429194,1,TRUE,2024,LV,39,69
13,0.01699346405228758,0.6338772479094456,0.23415120189313737,2,FALSE,2024,LV,39,69
15,0.0196078431372549,0.6343336905151136,0.2348984929630091,2,FALSE,2024,LV,39,69
14,0.018300653594771243,0.6445619170921402,0.24336779175488854,1,TRUE,2024,LV,39,69
12,0.01568627450980392,0.6325828524109754,0.2312865861252958,2,FALSE,2024,LV,39,69
15,0.0196078431372549,0.6399563290631555,0.23651762361439782,1,TRUE,2024,LV,39,69
15,0.0196078431372549,0.6340847873959697,0.23377755635820152,1,TRUE,2024,LV,39,69
16,0.02091503267973856,0.6383421003086008,0.24461327687134138,1,TRUE,2024,LV,39,69
15,0.0196078431372549,0.6389729945971635,0.24349234026653382,1,TRUE,2024,LV,39,69
15,0.0196078431372549,0.6340667620664728,0.2350230414746544,2,FALSE,2024,LV,39,69
14,0.018300653594771243,0.6345933204116642,0.23253207124174866,2,FALSE,2024,LV,39,69
14,0.018300653594771243,0.6258626388297458,0.24349234026653382,1,TRUE,2024,LV,39,69
12,0.01568627450980392,0.6246028901242461,0.22007722007722008,1,TRUE,2024,LV,39,69
14,0.018300653594771243,0.6358618956339315,0.2348984929630091,1,TRUE,2024,LV,39,69
14,0.018300653594771243,0.6361156696252459,0.2331548137999751,2,FALSE,2024,LV,39,69
16,0.02091503267973856,0.6353199878364703,0.2454851164528584,1,TRUE,2024,LV,39,69
15,0.0196078431372549,0.6350715113064498,0.23265661975339394,1,TRUE,2024,LV,39,69
14,0.018300653594771243,0.6352942218534284,0.23153568314858639,2,FALSE,2024,LV,39,69
15,0.0196078431372549,0.6341077146223006,0.23651762361439782,2,FALSE,2024,LV,39,69
14,0.018300653594771243,0.6370906662129205,0.23203387719516752,2,FALSE,2024,LV,39,69
15,0.0196078431372549,0.6378143707823616,0.24461327687134138,2,FALSE,2024,LV,39,69
13,0.01699346405228758,0.6178129718802844,0.22543280607796737,1,TRUE,2024,LV,39,69
13,0.01699346405228758,0.6272387765603888,0.2332793623116204,1,TRUE,2024,LV,39,69
14,0.018300653594771243,0.6285996966935823,0.24137501556856394,2,FALSE,2024,LV,39,69
13,0.01699346405228758,0.6347150534350965,0.22655374268277495,1,TRUE,2024,LV,39,69
14,0.018300653594771243,0.6284735891925957,0.2277992277992278,2,FALSE,2024,LV,39,69
16,0.02091503267973856,0.6345944915927118,0.2350230414746544,1,TRUE,2024,LV,39,69
15,0.0196078431372549,0.6274662726617133,0.24486237389463195,2,FALSE,2024,LV,39,69
15,0.0196078431372549,0.6290013187188345,0.2277992277992278,1,TRUE,2024,LV,39,69
13,0.01699346405228758,0.6368485962759143,0.22929380993897122,2,FALSE,2024,LV,39,69
745,0.9738562091503268,0.002219519939558988,0.9952671565574791,1,FALSE,2024,LD,0,4
745,0.9738562091503268,0.0022195199395589884,0.9952671565574791,1,FALSE,2024,LD,0,4
745,0.9738562091503268,0.0022195199395589893,0.9952671565574791,1,FALSE,2024,LD,0,4
745,0.9738562091503268,0.0022195199395589897,0.9952671565574791,1,FALSE,2024,LD,0,4
47,0.06143790849673202,0.6344970819054684,0.31672686511396186,1,TRUE,2024,LP,96,100
46,0.06013071895424837,0.6339699108231726,0.3169759621372525,1,TRUE,2024,LP,96,100
50,0.06535947712418301,0.632091336423214,0.32083696599825634,1,TRUE,2024,LP,96,100
48,0.06274509803921569,0.637550048405456,0.312865861252958,1,TRUE,2024,LP,96,100
47,0.06143790849673202,0.636160950121633,0.31535683148586374,1,TRUE,2024,LP,96,100
47,0.06143790849673202,0.6355743823210548,0.31373770083447505,1,TRUE,2024,LP,96,100
44,0.05751633986928104,0.6393764082967337,0.30813301781043717,1,TRUE,2024,LP,96,100
45,0.058823529411764705,0.6355778260587037,0.31436044339270147,1,TRUE,2024,LP,96,100
46,0.06013071895424837,0.6351342199075616,0.31535683148586374,1,TRUE,2024,LP,96,100
49,0.06405228758169934,0.6344935295814971,0.3177232532071242,1,TRUE,2024,LP,96,100
46,0.06013071895424837,0.6344797391185687,0.3175987046954789,1,TRUE,2024,LP,96,100
48,0.06274509803921569,0.6330081307421515,0.3190932868352223,1,TRUE,2024,LP,96,100
47,0.06143790849673202,0.6383650973404248,0.3095030514385353,1,TRUE,2024,LP,96,100
47,0.06143790849673202,0.6333860887053148,0.3190932868352223,1,TRUE,2024,LP,96,100
46,0.06013071895424837,0.635693920349544,0.3141113463694109,1,TRUE,2024,LP,96,100
47,0.06143790849673202,0.6373028593989708,0.31261676422966744,1,TRUE,2024,LP,96,100
48,0.06274509803921569,0.6346459227286393,0.31622867106738073,1,TRUE,2024,LP,96,100
46,0.06013071895424837,0.6347501655980198,0.316353219579026,1,TRUE,2024,LP,96,100
46,0.06013071895424837,0.6386626548881122,0.3106239880433429,1,TRUE,2024,LP,96,100
47,0.06143790849673202,0.6385854500129772,0.3086312118570183,1,TRUE,2024,LP,96,100
45,0.058823529411764705,0.6352341503487151,0.3151077344625732,1,TRUE,2024,LP,96,100
48,0.06274509803921569,0.6347378488066078,0.3142358948810562,1,TRUE,2024,LP,96,100
47,0.06143790849673202,0.638322810724066,0.31112218208992404,1,TRUE,2024,LP,96,100
46,0.06013071895424837,0.6386122863469096,0.3107485365549882,1,TRUE,2024,LP,96,100
46,0.06013071895424837,0.6385699687058874,0.3107485365549882,1,TRUE,2024,LP,96,100
46,0.06013071895424837,0.6350622116635639,0.31460954041599204,1,TRUE,2024,LP,96,100
46,0.06013071895424837,0.6386411237716388,0.3106239880433429,1,TRUE,2024,LP,96,100
46,0.06013071895424837,0.6369128638663671,0.31087308506663347,1,TRUE,2024,LP,96,100
46,0.06013071895424837,0.6395890048034091,0.30838211483372774,1,TRUE,2024,LP,96,100
43,0.05620915032679739,0.6367538779782301,0.311994021671441,1,TRUE,2024,LP,96,100
48,0.06274509803921569,0.6366615175549724,0.3142358948810562,1,TRUE,2024,LP,96,100
47,0.06143790849673202,0.6348641967487362,0.3166023166023166,1,TRUE,2024,LP,96,100
47,0.06143790849673202,0.6342791181320065,0.31722505916054305,1,TRUE,2024,LP,96,100
49,0.06405228758169934,0.6328747712260704,0.3190932868352223,1,TRUE,2024,LP,96,100
49,0.06405228758169934,0.6325006913458455,0.32033877195167515,1,TRUE,2024,LP,96,100
45,0.058823529411764705,0.6401272516905766,0.30626479013575786,1,TRUE,2024,LP,96,100
47,0.06143790849673202,0.6383228107240657,0.31112218208992404,1,TRUE,2024,LP,96,100
48,0.06274509803921569,0.6335743153388061,0.31797235023041476,1,TRUE,2024,LP,96,100
46,0.06013071895424837,0.6386411237716392,0.3106239880433429,1,TRUE,2024,LP,96,100
48,0.06274509803921569,0.637285516612071,0.3127413127413127,1,TRUE,2024,LP,96,100
47,0.06143790849673202,0.6340318205391988,0.31722505916054305,1,TRUE,2024,LP,96,100
45,0.058823529411764705,0.6346669419381642,0.31622867106738073,1,TRUE,2024,LP,96,100
47,0.06143790849673202,0.6383228107240662,0.31112218208992404,1,TRUE,2024,LP,96,100
45,0.058823529411764705,0.6364176326751508,0.31261676422966744,1,TRUE,2024,LP,96,100
46,0.06013071895424837,0.6363603456339872,0.31186947315979574,1,TRUE,2024,LP,96,100
47,0.06143790849673202,0.6344043957232439,0.31685141362560715,1,TRUE,2024,LP,96,100
47,0.06143790849673202,0.6379606443146276,0.3123676672063769,1,TRUE,2024,LP,96,100
47,0.06143790849673202,0.6344924747429378,0.3158550255324449,1,TRUE,2024,LP,96,100
46,0.06013071895424837,0.6359623457381989,0.31249221571802216,1,TRUE,2024,LP,96,100
49,0.06405228758169934,0.6333913939227743,0.31896873832357703,1,TRUE,2024,LP,96,100
46,0.06013071895424837,0.6384011479994192,0.31112218208992404,1,TRUE,2024,LP,96,100
46,0.06013071895424837,0.6386944861928694,0.3106239880433429,1,TRUE,2024,LP,96,100
45,0.058823529411764705,0.6385835264838394,0.31099763357827875,2,FALSE,2024,LP,96,100
47,0.06143790849673202,0.6344103214339738,0.31685141362560715,1,TRUE,2024,LP,96,100
46,0.06013071895424837,0.6343536703984114,0.31685141362560715,1,TRUE,2024,LP,96,100
47,0.06143790849673202,0.6378078168221964,0.31249221571802216,1,TRUE,2024,LP,96,100
47,0.06143790849673202,0.6335707940394983,0.3184705442769959,1,TRUE,2024,LP,96,100
45,0.058823529411764705,0.6395058276805492,0.3092539544152447,1,TRUE,2024,LP,96,100
46,0.06013071895424837,0.6390634004666201,0.30975214846182586,1,TRUE,2024,LP,96,100
46,0.06013071895424837,0.6390900506525723,0.3086312118570183,1,TRUE,2024,LP,96,100
46,0.06013071895424837,0.6350042110551396,0.315481379997509,1,TRUE,2024,LP,96,100
47,0.06143790849673202,0.6337400646035872,0.3184705442769959,2,FALSE,2024,LP,96,100
48,0.06274509803921569,0.6338285314315754,0.3184705442769959,1,TRUE,2024,LP,96,100
47,0.06143790849673202,0.633605913958587,0.3174741561838336,1,TRUE,2024,LP,96,100
47,0.06143790849673202,0.6345146728896767,0.31672686511396186,1,TRUE,2024,LP,96,100
49,0.06405228758169934,0.6322884050858049,0.3205878689749658,2,FALSE,2024,LP,96,100
45,0.058823529411764705,0.6379559751027698,0.3087557603686636,1,TRUE,2024,LP,96,100
46,0.06013071895424837,0.6379780801755178,0.31112218208992404,1,TRUE,2024,LP,96,100
46,0.06013071895424837,0.6353143491038783,0.31535683148586374,1,TRUE,2024,LP,96,100
44,0.05751633986928104,0.6401652724157036,0.30751027525221075,1,TRUE,2024,LP,96,100
47,0.06143790849673202,0.6383546420288233,0.31112218208992404,1,TRUE,2024,LP,96,100
44,0.05751633986928104,0.635335787146361,0.3139867978577656,1,TRUE,2024,LP,96,100
49,0.06405228758169934,0.6362828149998853,0.3147340889276373,1,TRUE,2024,LP,96,100
48,0.06274509803921569,0.6370128873815113,0.3129904097646033,1,TRUE,2024,LP,96,100
47,0.06143790849673202,0.6372627134843938,0.3127413127413127,2,FALSE,2024,LP,96,100
47,0.06143790849673202,0.6334800003617473,0.3182214472537053,1,TRUE,2024,LP,96,100
46,0.06013071895424837,0.634359472010487,0.31685141362560715,1,TRUE,2024,LP,96,100
46,0.06013071895424837,0.6357750653569442,0.3139867978577656,1,TRUE,2024,LP,96,100
47,0.06143790849673202,0.6345030076161985,0.31672686511396186,1,TRUE,2024,LP,96,100
45,0.058823529411764705,0.6388876147231946,0.30937850292689,1,TRUE,2024,LP,96,100
45,0.058823529411764705,0.6353774687817815,0.3141113463694109,1,TRUE,2024,LP,96,100
44,0.05751633986928104,0.640964917605242,0.3045211109727239,1,TRUE,2024,LP,96,100
47,0.06143790849673202,0.6342731924212768,0.31722505916054305,1,TRUE,2024,LP,96,100
47,0.06143790849673202,0.6376468918925904,0.3122431186947316,1,TRUE,2024,LP,96,100
48,0.06274509803921569,0.6334004220998545,0.3184705442769959,1,TRUE,2024,LP,96,100
43,0.05620915032679739,0.638395982392945,0.30900485739195416,1,TRUE,2024,LP,96,100
49,0.06405228758169934,0.632880634887473,0.3190932868352223,1,TRUE,2024,LP,96,100
46,0.06013071895424837,0.638641123771639,0.3106239880433429,1,TRUE,2024,LP,96,100
46,0.06013071895424837,0.6362676594517623,0.311994021671441,1,TRUE,2024,LP,96,100
48,0.06274509803921569,0.633795071331984,0.3184705442769959,1,TRUE,2024,LP,96,100
47,0.06143790849673202,0.6377865339030312,0.31249221571802216,1,TRUE,2024,LP,96,100
46,0.06013071895424837,0.6386626548881118,0.3106239880433429,1,TRUE,2024,LP,96,100
47,0.06143790849673202,0.6340540186859379,0.31809689874206004,1,TRUE,2024,LP,96,100
49,0.06405228758169934,0.6333633941639596,0.31809689874206004,1,TRUE,2024,LP,96,100
48,0.06274509803921569,0.6352560692734822,0.31622867106738073,1,TRUE,2024,LP,96,100
47,0.06143790849673202,0.6394063315846855,0.3080084692987919,1,TRUE,2024,LP,96,100
46,0.06013071895424837,0.6361609346093015,0.3129904097646033,1,TRUE,2024,LP,96,100
46,0.06013071895424837,0.6339398944612303,0.3169759621372525,1,TRUE,2024,LP,96,100
46,0.06013071895424837,0.6398169895431838,0.30751027525221075,1,TRUE,2024,LP,96,100
47,0.06143790849673202,0.6348070803432216,0.3149831859509279,1,TRUE,2024,LP,96,100
51,0.06666666666666667,0.6242008647783683,0.33266907460455847,1,TRUE,2024,IM,4,4
50,0.06535947712418301,0.6262243088445686,0.330302652883298,1,TRUE,2024,IM,4,4
50,0.06535947712418301,0.6252760865414996,0.3308008469298792,1,TRUE,2024,IM,4,4
49,0.06405228758169934,0.6272995306077,0.32843442520861876,1,TRUE,2024,IM,4,4
165,0.21568627450980393,0.5499806010535261,0.41175737949931496,1,TRUE,2024,WT,1,1
17,0.025914634146341462,0.6703234369535123,0.20926193921852387,1,TRUE,2025,LV,27,39
17,0.025914634146341462,0.6560441776740855,0.2121562952243126,1,TRUE,2025,LV,27,39
16,0.024390243902439025,0.6557644597376648,0.2121562952243126,2,FALSE,2025,LV,27,39
16,0.024390243902439025,0.6709512943970546,0.20839363241678727,1,TRUE,2025,LV,27,39
15,0.022865853658536585,0.6563923171812072,0.21128798842257598,2,FALSE,2025,LV,27,39
16,0.024390243902439025,0.6499443328635066,0.20955137481910274,1,TRUE,2025,LV,27,39
16,0.024390243902439025,0.657203867797881,0.2094066570188133,1,TRUE,2025,LV,27,39
16,0.024390243902439025,0.6752410671838251,0.2028943560057887,1,TRUE,2025,LV,27,39
16,0.024390243902439025,0.6560511308303365,0.20926193921852387,1,TRUE,2025,LV,27,39
16,0.024390243902439025,0.6431737597935834,0.19811866859623734,1,TRUE,2025,LV,27,39
15,0.022865853658536585,0.6438016172371257,0.19725036179450073,1,TRUE,2025,LV,27,39
16,0.024390243902439025,0.6553694283123307,0.2121562952243126,2,FALSE,2025,LV,27,39
15,0.022865853658536585,0.6557714128939162,0.20926193921852387,2,FALSE,2025,LV,27,39
16,0.024390243902439025,0.6609618079043982,0.20578871201157742,1,TRUE,2025,LV,27,39
17,0.025914634146341462,0.6563950188593891,0.21128798842257598,1,TRUE,2025,LV,27,39
15,0.022865853658536585,0.6606820899679778,0.20578871201157742,2,FALSE,2025,LV,27,39
16,0.024390243902439025,0.6564019720156403,0.20839363241678727,1,TRUE,2025,LV,27,39
16,0.024390243902439025,0.671483127077308,0.2065123010130246,1,TRUE,2025,LV,27,39
15,0.022865853658536585,0.6551109049365315,0.21085383502170768,2,FALSE,2025,LV,27,39
15,0.022865853658536585,0.6540863196650757,0.21041968162083935,2,FALSE,2025,LV,27,39
15,0.022865853658536585,0.6566789882738789,0.20839363241678727,1,TRUE,2025,LV,27,39
14,0.021341463414634148,0.6572819442030152,0.20564399421128798,2,FALSE,2025,LV,27,39
15,0.022865853658536585,0.6758689246273675,0.2020260492040521,1,TRUE,2025,LV,27,39
15,0.022865853658536585,0.6453774495739097,0.208972503617945,1,TRUE,2025,LV,27,39
16,0.024390243902439025,0.6566720351176277,0.21128798842257598,1,TRUE,2025,LV,27,39
16,0.024390243902439025,0.6540808744222284,0.2121562952243126,2,FALSE,2025,LV,27,39
14,0.021341463414634148,0.6555111826439166,0.20231548480463096,1,TRUE,2025,LV,27,39
16,0.024390243902439025,0.6690139817081726,0.20926193921852387,2,FALSE,2025,LV,27,39
16,0.024390243902439025,0.661334011196257,0.2049204052098408,1,TRUE,2025,LV,27,39
16,0.024390243902439025,0.6553906228729521,0.21085383502170768,1,TRUE,2025,LV,27,39
15,0.022865853658536585,0.6615896653479404,0.2049204052098408,1,TRUE,2025,LV,27,39
15,0.022865853658536585,0.6764007573076206,0.20014471780028945,1,TRUE,2025,LV,27,39
16,0.024390243902439025,0.6823135999128761,0.19956584659913168,1,TRUE,2025,LV,27,39
16,0.024390243902439025,0.6683601337016551,0.20926193921852387,2,FALSE,2025,LV,27,39
15,0.022865853658536585,0.6551787400964645,0.20795947901591896,1,TRUE,2025,LV,27,39
14,0.021341463414634148,0.6540932728213269,0.20752532561505066,2,FALSE,2025,LV,27,39
16,0.024390243902439025,0.6411456162653593,0.1992764109985528,1,TRUE,2025,LV,27,39
15,0.022865853658536585,0.6505721903070488,0.20868306801736614,1,TRUE,2025,LV,27,39
14,0.021341463414634148,0.6560430153241699,0.20043415340086831,1,TRUE,2025,LV,27,39
635,0.9679878048780488,0.0033206975774952366,0.9937771345875542,1,FALSE,2025,LD,0,3
635,0.9679878048780488,0.0033206975774952327,0.9937771345875542,1,FALSE,2025,LD,0,3
635,0.9679878048780488,0.003320697577495248,0.9937771345875542,1,FALSE,2025,LD,0,3
42,0.06402439024390244,0.6764668855933534,0.26931982633863966,1,TRUE,2025,LP,45,49
43,0.06554878048780488,0.6750271843277535,0.27120115774240233,1,TRUE,2025,LP,45,49
42,0.06402439024390244,0.6784085649481338,0.26526772793053544,1,TRUE,2025,LP,45,49
42,0.06402439024390244,0.675570368245019,0.2706222865412446,1,TRUE,2025,LP,45,49
44,0.06707317073170732,0.6745729568296956,0.2732272069464544,1,TRUE,2025,LP,45,49
41,0.0625,0.6768180618705243,0.2687409551374819,1,TRUE,2025,LP,45,49
41,0.0625,0.676754771394045,0.2688856729377713,1,TRUE,2025,LP,45,49
42,0.06402439024390244,0.6774230911805913,0.26512301013024603,1,TRUE,2025,LP,45,49
43,0.06554878048780488,0.6760126580952961,0.27134587554269174,1,TRUE,2025,LP,45,49
42,0.06402439024390244,0.6763638343724669,0.270767004341534,1,TRUE,2025,LP,45,49
42,0.06402439024390244,0.6753783606049244,0.2706222865412446,1,TRUE,2025,LP,45,49
41,0.0625,0.6767556091237139,0.2680173661360347,1,TRUE,2025,LP,45,49
40,0.06097560975609756,0.6771059476712161,0.2683068017366136,1,TRUE,2025,LP,45,49
42,0.06402439024390244,0.6754908676994476,0.26975397973950793,1,TRUE,2025,LP,45,49
41,0.0625,0.6779662750978569,0.2645441389290883,1,TRUE,2025,LP,45,49
43,0.06554878048780488,0.6748616803600563,0.2719247467438495,1,TRUE,2025,LP,45,49
41,0.0625,0.6790468730692948,0.2636758321273517,1,TRUE,2025,LP,45,49
40,0.06097560975609756,0.6773930795152058,0.2672937771345876,1,TRUE,2025,LP,45,49
41,0.0625,0.676580314190512,0.2681620839363242,1,TRUE,2025,LP,45,49
40,0.06097560975609756,0.6767430431786814,0.2687409551374819,2,FALSE,2025,LP,45,49
42,0.06402439024390244,0.6765226679176762,0.270767004341534,1,TRUE,2025,LP,45,49
43,0.06554878048780488,0.676968863682534,0.2671490593342981,1,TRUE,2025,LP,45,49
42,0.06402439024390244,0.6753150701284452,0.270767004341534,1,TRUE,2025,LP,45,49
40,0.06097560975609756,0.6787877737543483,0.26324167872648335,2,FALSE,2025,LP,45,49
41,0.0625,0.6777188202253074,0.26150506512301014,1,TRUE,2025,LP,45,49
42,0.06402439024390244,0.6748491144150235,0.2726483357452967,2,FALSE,2025,LP,45,49
41,0.0625,0.6767556091237139,0.2680173661360347,1,TRUE,2025,LP,45,49
41,0.0625,0.678759741225305,0.2646888567293777,1,TRUE,2025,LP,45,49
41,0.0625,0.6788627924461916,0.26324167872648335,1,TRUE,2025,LP,45,49
42,0.06402439024390244,0.6753159078581136,0.2698986975397974,1,TRUE,2025,LP,45,49
44,0.06707317073170732,0.6737105246072618,0.27452966714905935,1,TRUE,2025,LP,45,49
41,0.0625,0.6769863512893705,0.26931982633863966,1,TRUE,2025,LP,45,49
42,0.06402439024390244,0.675467317024133,0.27206946454413894,1,TRUE,2025,LP,45,49
41,0.0625,0.6769768954157338,0.2687409551374819,1,TRUE,2025,LP,45,49
40,0.06097560975609756,0.6793822581422083,0.26324167872648335,1,TRUE,2025,LP,45,49
42,0.06402439024390244,0.6766509662164564,0.26975397973950793,1,TRUE,2025,LP,45,49
39,0.05945121951219512,0.6775696310429103,0.26685962373371924,1,TRUE,2025,LP,45,49
40,0.06097560975609756,0.6773592038217228,0.2687409551374819,1,TRUE,2025,LP,45,49
42,0.06402439024390244,0.6764763414669901,0.2698986975397974,1,TRUE,2025,LP,45,49
41,0.0625,0.6767222779545154,0.26642547033285097,1,TRUE,2025,LP,45,49
42,0.06402439024390244,0.6756724979632699,0.2672937771345876,1,TRUE,2025,LP,45,49
42,0.06402439024390244,0.6763013816256562,0.27004341534008686,1,TRUE,2025,LP,45,49
41,0.0625,0.6769305689650478,0.2678726483357453,1,TRUE,2025,LP,45,49
44,0.06707317073170732,0.6757552551829289,0.2690303907380608,1,TRUE,2025,LP,45,49
40,0.06097560975609756,0.6768555502732047,0.2678726483357453,2,FALSE,2025,LP,45,49
43,0.06554878048780488,0.6749300181577905,0.2727930535455861,1,TRUE,2025,LP,45,49
41,0.0625,0.6759215445221902,0.27004341534008686,1,TRUE,2025,LP,45,49
42,0.06402439024390244,0.6757632869161284,0.2706222865412446,1,TRUE,2025,LP,45,49
43,0.06554878048780488,0.6749241331068669,0.2726483357452967,1,TRUE,2025,LP,45,49
45,0.06859756097560976,0.6647473826183659,0.28625180897250363,1,TRUE,2025,IM,2,2
44,0.06707317073170732,0.6671817412630032,0.2833574529667149,1,TRUE,2025,IM,2,2
145,0.22103658536585366,0.5926978979268286,0.361794500723589,1,TRUE,2025,WT,1,1
14,0.02676864244741874,0.6658113660383337,0.19075043630017452,1,TRUE,2026,LV,18,19
14,0.02676864244741874,0.6641679991715628,0.19144851657940662,1,TRUE,2026,LV,18,19
13,0.0248565965583174,0.6655226312631538,0.18726003490401397,1,TRUE,2026,LV,18,19
13,0.0248565965583174,0.6716783927097516,0.18272251308900522,1,TRUE,2026,LV,18,19
14,0.02676864244741874,0.6153367506373182,0.17417102966841186,1,TRUE,2026,LV,18,19
14,0.02676864244741874,0.6863396775795011,0.18900523560209423,1,TRUE,2026,LV,18,19
13,0.0248565965583174,0.6700350258429806,0.18342059336823735,1,TRUE,2026,LV,18,19
14,0.02676864244741874,0.6812151987792735,0.19022687609075042,1,TRUE,2026,LV,18,19
12,0.022944550669216062,0.6648875518154046,0.1851657940663176,1,TRUE,2026,LV,18,19
13,0.0248565965583174,0.6870822254506913,0.18219895287958116,1,TRUE,2026,LV,18,19
14,0.02676864244741874,0.6800712242902697,0.18952879581151832,1,TRUE,2026,LV,18,19
13,0.0248565965583174,0.6859382509616878,0.18150087260034903,1,TRUE,2026,LV,18,19
12,0.022944550669216062,0.6662709660127494,0.17382198952879582,1,TRUE,2026,LV,18,19
13,0.0248565965583174,0.6665597007879293,0.17731239092495638,1,TRUE,2026,LV,18,19
12,0.022944550669216062,0.6106643031836968,0.15584642233856894,1,TRUE,2026,LV,18,19
13,0.0248565965583174,0.6797824895150902,0.18603839441535777,1,TRUE,2026,LV,18,19
13,0.0248565965583174,0.6152042615790868,0.17417102966841186,2,FALSE,2026,LV,18,19
13,0.0248565965583174,0.663879264396383,0.18795811518324607,1,TRUE,2026,LV,18,19
13,0.0248565965583174,0.6651762865905845,0.1886561954624782,1,TRUE,2026,LV,18,19
503,0.9617590822179732,0.004371864806337583,0.9919720767888307,1,FALSE,2026,LD,0,1
32,0.06118546845124283,0.694348930493499,0.2356020942408377,1,TRUE,2026,LP,22,22
33,0.06309751434034416,0.6936121085862048,0.23821989528795812,1,TRUE,2026,LP,22,22
34,0.06500956022944551,0.6919531628336214,0.24048865619546247,1,TRUE,2026,LP,22,22
33,0.06309751434034416,0.6926899847409156,0.23787085514834205,1,TRUE,2026,LP,22,22
33,0.06309751434034416,0.6925993439507327,0.23979057591623038,1,TRUE,2026,LP,22,22
32,0.06118546845124283,0.6930569337463339,0.23717277486910995,1,TRUE,2026,LP,22,22
34,0.06500956022944551,0.6920851036612667,0.24048865619546247,1,TRUE,2026,LP,22,22
31,0.05927342256214149,0.6964741159020372,0.22827225130890053,1,TRUE,2026,LP,22,22
31,0.05927342256214149,0.6949493038994424,0.2349040139616056,1,TRUE,2026,LP,22,22
32,0.06118546845124283,0.6948151701494538,0.23054101221640488,1,TRUE,2026,LP,22,22
32,0.06118546845124283,0.6933361658580266,0.23717277486910995,1,TRUE,2026,LP,22,22
33,0.06309751434034416,0.6928219255685607,0.23787085514834205,1,TRUE,2026,LP,22,22
32,0.06118546845124283,0.6942124819921481,0.23752181500872602,1,TRUE,2026,LP,22,22
32,0.06118546845124283,0.6957372939947429,0.23089005235602095,1,TRUE,2026,LP,22,22
31,0.05927342256214149,0.6955572916190772,0.23228621291448517,1,TRUE,2026,LP,22,22
32,0.06118546845124283,0.6949569182131338,0.23298429319371727,1,TRUE,2026,LP,22,22
30,0.05736137667304015,0.6953162529048609,0.23420593368237347,1,TRUE,2026,LP,22,22
31,0.05927342256214149,0.6950914783646893,0.23176265270506108,1,TRUE,2026,LP,22,22
33,0.06309751434034416,0.6923201118390397,0.23979057591623038,1,TRUE,2026,LP,22,22
32,0.06118546845124283,0.6939790575916231,0.23752181500872602,1,TRUE,2026,LP,22,22
32,0.06118546845124283,0.6949471109770992,0.23054101221640488,1,TRUE,2026,LP,22,22
31,0.05927342256214149,0.6947158794989173,0.2349040139616056,1,TRUE,2026,LP,22,22
35,0.06692160611854685,0.6869078576671571,0.24851657940663177,1,TRUE,2026,IM,3,3
34,0.06500956022944551,0.6873638027710013,0.24781849912739964,1,TRUE,2026,IM,3,3
35,0.06692160611854685,0.6870737735624939,0.24799301919720768,1,TRUE,2026,IM,3,3
101,0.1931166347992352,0.6246536553274303,0.3148342059336824,1,TRUE,2026,WT,1,1
12,0.030690537084398978,0.7224537577333919,0.13211186113789777,1,TRUE,2027,LV,2,2
11,0.028132992327365727,0.7209971646941653,0.12970106075216972,1,TRUE,2027,LV,2,2
378,0.9667519181585678,0.0022954039497140146,0.9927675988428158,1,FALSE,2027,LD,0,1
21,0.05370843989769821,0.722283874186442,0.17478302796528447,1,TRUE,2027,LP,8,8
21,0.05370843989769821,0.72234466727235,0.17478302796528447,1,TRUE,2027,LP,8,8
20,0.05115089514066496,0.720874125532724,0.1759884281581485,1,TRUE,2027,LP,8,8
20,0.05115089514066496,0.7232223311254091,0.16586306653809066,1,TRUE,2027,LP,8,8
20,0.05115089514066496,0.7209156229164129,0.1759884281581485,1,TRUE,2027,LP,8,8
20,0.05115089514066496,0.7232831242113171,0.16586306653809066,1,TRUE,2027,LP,8,8
19,0.04859335038363171,0.7218125824716911,0.16706846673095468,1,TRUE,2027,LP,8,8
19,0.04859335038363171,0.7218540798553796,0.16706846673095468,1,TRUE,2027,LP,8,8
24,0.061381074168797956,0.7131263489555677,0.18948891031822565,1,TRUE,2027,IM,3,3
23,0.058823529411764705,0.7182320382584955,0.18105110896817744,1,TRUE,2027,IM,3,3
23,0.058823529411764705,0.7136428577074474,0.1885245901639344,1,TRUE,2027,IM,3,3
79,0.2020460358056266,0.6231710057198967,0.289778206364513,1,TRUE,2027,WT,1,1
8,0.03389830508474576,0.7348576960059165,0.04684232538686742,1,TRUE,2028,LV,2,2
8,0.03389830508474576,0.7266615309991585,0.04893350062735257,1,TRUE,2028,LV,2,2
224,0.9491525423728814,0.00284289632756043,0.9878711836051861,1,FALSE,2028,LD,0,1
12,0.05084745762711865,0.7211541573106033,0.0740276035131744,1,TRUE,2028,LP,2,2
11,0.046610169491525424,0.7291590466899697,0.06524466750313676,1,TRUE,2028,LP,2,2
12,0.05084745762711865,0.7371919233582088,0.0698452530322041,1,TRUE,2028,IM,2,2
11,0.046610169491525424,0.7366998718357091,0.05520702634880803,1,TRUE,2028,IM,2,2
60,0.2542372881355932,0.625246178816735,0.18946047678795483,1,TRUE,2028,WT,1,1
3,0.03296703296703297,0.5196531341217978,0.02869757174392936,1,TRUE,2029,LV,1,1
81,0.8901098901098901,-9.296754907327511e-4,0.977924944812362,1,FALSE,2029,LD,0,1
4,0.04395604395604396,0.5172869827563336,0.03237674760853569,1,TRUE,2029,LP,1,1
4,0.04395604395604396,0.5172869827563336,0.03237674760853569,1,TRUE,2029,IM,1,1
11,0.12087912087912088,0.49372942815481874,0.05665930831493746,1,TRUE,2029,WT,1,1
